{
  "configVersion": 1,
  "timestamp": 1669522201534,
  "index": "/index.html",
  "assetGroups": [
    {
      "name": "app",
      "installMode": "prefetch",
      "updateMode": "prefetch",
      "cacheQueryOptions": {
        "ignoreVary": true
      },
      "urls": [
        "/favicon.ico",
        "/index.html",
        "/main.6ea31d2d4d1acf4a.js",
        "/manifest.webmanifest",
        "/polyfills.288965dd676b5a0b.js",
        "/runtime.10794efdd325dd35.js",
        "/styles.698134ce9b91eefb.css"
      ],
      "patterns": []
    },
    {
      "name": "assets",
      "installMode": "lazy",
      "updateMode": "prefetch",
      "cacheQueryOptions": {
        "ignoreVary": true
      },
      "urls": [
        "/assets/css/bootplus-responsive.css",
        "/assets/css/bootplus.css",
        "/assets/css/docs.css",
        "/assets/css/font-awesome-ie7.min.css",
        "/assets/css/font-awesome.min.css",
        "/assets/font/FontAwesome.otf",
        "/assets/font/fontawesome-webfont.eot",
        "/assets/font/fontawesome-webfont.svg",
        "/assets/font/fontawesome-webfont.ttf",
        "/assets/font/fontawesome-webfont.woff",
        "/assets/ico/apple-touch-icon-114-precomposed.png",
        "/assets/ico/apple-touch-icon-144-precomposed.png",
        "/assets/ico/apple-touch-icon-57-precomposed.png",
        "/assets/ico/apple-touch-icon-72-precomposed.png",
        "/assets/ico/favicon.ico",
        "/assets/ico/favicon.png",
        "/assets/ico/favicon.pxm",
        "/assets/icons/icon-128x128.png",
        "/assets/icons/icon-144x144.png",
        "/assets/icons/icon-152x152.png",
        "/assets/icons/icon-192x192.png",
        "/assets/icons/icon-384x384.png",
        "/assets/icons/icon-512x512.png",
        "/assets/icons/icon-72x72.png",
        "/assets/icons/icon-96x96.png",
        "/assets/img/admin.png",
        "/assets/img/admin_proy.png",
        "/assets/img/author-avatar.jpg",
        "/assets/img/author-cover.jpg",
        "/assets/img/author.jpg",
        "/assets/img/avatar_homer.png",
        "/assets/img/bitacora.png",
        "/assets/img/bitacora_proy.png",
        "/assets/img/bkg-jumbotron.jpg",
        "/assets/img/bkg-plus.jpg",
        "/assets/img/bootstrap-logo.png",
        "/assets/img/bootstrap-mdo-sfmoma-01.jpg",
        "/assets/img/bootstrap-mdo-sfmoma-02.jpg",
        "/assets/img/bootstrap-mdo-sfmoma-03.jpg",
        "/assets/img/bs-docs-twitter-github.png",
        "/assets/img/circles.png",
        "/assets/img/cover1.jpg",
        "/assets/img/cover2.jpg",
        "/assets/img/cover3.jpg",
        "/assets/img/cover4.JPG",
        "/assets/img/examples/bootstrap-example-carousel.png",
        "/assets/img/examples/bootstrap-example-fluid.png",
        "/assets/img/examples/bootstrap-example-justified-nav.png",
        "/assets/img/examples/bootstrap-example-marketing-narrow.png",
        "/assets/img/examples/bootstrap-example-marketing.png",
        "/assets/img/examples/bootstrap-example-signin.png",
        "/assets/img/examples/bootstrap-example-starter.png",
        "/assets/img/examples/bootstrap-example-sticky-footer.png",
        "/assets/img/examples/browser-icon-chrome.png",
        "/assets/img/examples/browser-icon-firefox.png",
        "/assets/img/examples/browser-icon-safari.png",
        "/assets/img/examples/slide-01.jpg",
        "/assets/img/examples/slide-02.jpg",
        "/assets/img/examples/slide-03.jpg",
        "/assets/img/inventario.png",
        "/assets/img/inventario_proy.png",
        "/assets/img/less-logo-large.png",
        "/assets/img/logo.png",
        "/assets/img/proyectos.png",
        "/assets/img/proyectos_proy.png",
        "/assets/img/responsive-illustrations.png",
        "/assets/img/silhouette_bart.png",
        "/assets/img/silhouette_homer.png",
        "/assets/img/silhouette_lisa.png",
        "/assets/img/the-simpsons.png",
        "/assets/js/README.md",
        "/assets/js/application.js",
        "/assets/js/bootstrap-affix.js",
        "/assets/js/bootstrap-alert.js",
        "/assets/js/bootstrap-button.js",
        "/assets/js/bootstrap-carousel.js",
        "/assets/js/bootstrap-collapse.js",
        "/assets/js/bootstrap-dropdown.js",
        "/assets/js/bootstrap-modal.js",
        "/assets/js/bootstrap-popover.js",
        "/assets/js/bootstrap-scrollspy.js",
        "/assets/js/bootstrap-tab.js",
        "/assets/js/bootstrap-tooltip.js",
        "/assets/js/bootstrap-transition.js",
        "/assets/js/bootstrap-typeahead.js",
        "/assets/js/bootstrap.js",
        "/assets/js/bootstrap.min.js",
        "/assets/js/google-code-prettify/prettify.css",
        "/assets/js/google-code-prettify/prettify.js",
        "/assets/js/holder/holder.js",
        "/assets/js/html5shiv.js",
        "/assets/js/jquery.js"
      ],
      "patterns": []
    }
  ],
  "dataGroups": [],
  "hashTable": {
    "/assets/css/bootplus-responsive.css": "ceba8e3e42ea44df5dc5751459273a6f870a7928",
    "/assets/css/bootplus.css": "f9c812b6d2b990c858c889b2e609c4bf7473edcf",
    "/assets/css/docs.css": "6aec0db2c51876451c5e8320fe07cd9c2149373e",
    "/assets/css/font-awesome-ie7.min.css": "d66b7374b5dd6259dfd5c4eb682925305f6716d4",
    "/assets/css/font-awesome.min.css": "68e2602c02181b61eebc9e1dccb0a38377fa5df7",
    "/assets/font/FontAwesome.otf": "82a7ff73f96e2f6ef419d2d9fd520b4c93bdae7c",
    "/assets/font/fontawesome-webfont.eot": "d7e77928069bdd227f291b9a2c9bdd918793e529",
    "/assets/font/fontawesome-webfont.svg": "8419c95027e27da84c7d7aa4df7f61d1dd04af81",
    "/assets/font/fontawesome-webfont.ttf": "c019e0e02b24f99ca8eef73cfe3d134e904f323a",
    "/assets/font/fontawesome-webfont.woff": "12f8c193902e99348493ace32e498031bf79b654",
    "/assets/ico/apple-touch-icon-114-precomposed.png": "61c2c3e018bdfcc56b749e929adda5c88a28f64f",
    "/assets/ico/apple-touch-icon-144-precomposed.png": "329a93194a340711b0b977477275fbf3d63864b0",
    "/assets/ico/apple-touch-icon-57-precomposed.png": "412b11f0a953ee46154de57be5f6081815a0a6b8",
    "/assets/ico/apple-touch-icon-72-precomposed.png": "d7b6187bc981afad7ddc7b41dadb5cdd37ee30ac",
    "/assets/ico/favicon.ico": "47252db5f9e5940c04181301f4032ad82ab8a298",
    "/assets/ico/favicon.png": "322d258ca48f01aa7b439dee67ba28e8eec79fb0",
    "/assets/ico/favicon.pxm": "c44209a8931be6d2faa62c98ff5eb68d248648e5",
    "/assets/icons/icon-128x128.png": "dae3b6ed49bdaf4327b92531d4b5b4a5d30c7532",
    "/assets/icons/icon-144x144.png": "b0bd89982e08f9bd2b642928f5391915b74799a7",
    "/assets/icons/icon-152x152.png": "7479a9477815dfd9668d60f8b3b2fba709b91310",
    "/assets/icons/icon-192x192.png": "1abd80d431a237a853ce38147d8c63752f10933b",
    "/assets/icons/icon-384x384.png": "329749cd6393768d3131ed6304c136b1ca05f2fd",
    "/assets/icons/icon-512x512.png": "559d9c4318b45a1f2b10596bbb4c960fe521dbcc",
    "/assets/icons/icon-72x72.png": "c457e56089a36952cd67156f9996bc4ce54a5ed9",
    "/assets/icons/icon-96x96.png": "3914125a4b445bf111c5627875fc190f560daa41",
    "/assets/img/admin.png": "45b6a8e7871cc4ce49012e75459b540063f26764",
    "/assets/img/admin_proy.png": "da860d8a876f10b4aa33c2dccc56eb6b42c6f912",
    "/assets/img/author-avatar.jpg": "d6cad3207e2fdd431a38a00133599811b1f717f6",
    "/assets/img/author-cover.jpg": "a838f1b58bd1ddc58b49475529179f2c5aa42ec3",
    "/assets/img/author.jpg": "d085d4ccece7a350cfe27a685c61b93ee90e7a74",
    "/assets/img/avatar_homer.png": "51f11aa1a2cff38075bb5d1f9cf89e1d1706adf3",
    "/assets/img/bitacora.png": "ba534a8dc2683ba5b7b4f07d6cbbf77141dbfaac",
    "/assets/img/bitacora_proy.png": "79881582ba599b4c8186b4a21a4315c55644be5f",
    "/assets/img/bkg-jumbotron.jpg": "764ef61881fe3f95f8fcf724ae2f479d76abc694",
    "/assets/img/bkg-plus.jpg": "f6501499250eed22fdd5206ca6b441f29c99d96b",
    "/assets/img/bootstrap-logo.png": "b6449ef5c232ee38cb856fcf7821ee9c1afd0812",
    "/assets/img/bootstrap-mdo-sfmoma-01.jpg": "2dbeabe21876fe2e489eeaf8e71f9de9c6465886",
    "/assets/img/bootstrap-mdo-sfmoma-02.jpg": "534f5d4b96892caaed34c328681c66c7a1e1e85c",
    "/assets/img/bootstrap-mdo-sfmoma-03.jpg": "912e399bc9ad6b9dbd96a94ef3baf308059b56ec",
    "/assets/img/bs-docs-twitter-github.png": "678be9ae2f954d94f4b6db034be838b7ecba0752",
    "/assets/img/circles.png": "24fc0c286ad873cf9600f429e95d8d342e1bacf9",
    "/assets/img/cover1.jpg": "89929db2c373cee16a4325ec66745502d36986b8",
    "/assets/img/cover2.jpg": "8c1fed1c452fad2e4864a6174b89bab402599219",
    "/assets/img/cover3.jpg": "c7c530ed80b21a661c72f2fc863c86cef493b48e",
    "/assets/img/cover4.JPG": "163a45a2fce2981b7b196ae60c2bcfd9a78012c1",
    "/assets/img/examples/bootstrap-example-carousel.png": "c0a5ef1f61c800e1634c8ef7ffb676ea34958d89",
    "/assets/img/examples/bootstrap-example-fluid.png": "873ed91c7631b44131a21b693c837ecf56fc29d4",
    "/assets/img/examples/bootstrap-example-justified-nav.png": "9e0f0af20192e13344a999db01554bf1a74f74ce",
    "/assets/img/examples/bootstrap-example-marketing-narrow.png": "73927be1846308f6cc1bd53f89e88789b87b51fa",
    "/assets/img/examples/bootstrap-example-marketing.png": "f64074aeae3b84a01669857f33d0343fc32daceb",
    "/assets/img/examples/bootstrap-example-signin.png": "4d59a61e4e7dc2164ffb0b806013670df832cb03",
    "/assets/img/examples/bootstrap-example-starter.png": "efb058ff9181dadfd8dd67f85464093696da468c",
    "/assets/img/examples/bootstrap-example-sticky-footer.png": "50c49415eb38c7ebc0a869d3d5c23d5aa48e60fa",
    "/assets/img/examples/browser-icon-chrome.png": "30b57446204a5a63bb3a8673ab992a64a3d11f7c",
    "/assets/img/examples/browser-icon-firefox.png": "90f5fabf25011210dfd4b314c2c15e3941354ef8",
    "/assets/img/examples/browser-icon-safari.png": "483e147c08ed0ed5d04ba6c6d1dd4b3ffecba6ba",
    "/assets/img/examples/slide-01.jpg": "a92359e799b3caef059fdcc4a7bd523b1b7034c8",
    "/assets/img/examples/slide-02.jpg": "34664c8c41a5c39fad8200753321d826c9a02744",
    "/assets/img/examples/slide-03.jpg": "7c7989654fb61e5dfa4b845af7fbd3f08e5492ba",
    "/assets/img/inventario.png": "13a572c1ec53387cea241a2e043f63f181bec051",
    "/assets/img/inventario_proy.png": "23371d409163a9ce13a8fae9eb420694b75c3d3f",
    "/assets/img/less-logo-large.png": "a2cba612f4e24b32112b6da3009dee735d0a8455",
    "/assets/img/logo.png": "4faab4459d0ef496375b72bb34935302a231527d",
    "/assets/img/proyectos.png": "ebbd631e1f7f8b75d2defdb46a405e1fb5a2b48b",
    "/assets/img/proyectos_proy.png": "412b4951bc6ef27bb9a44562137e2510cfe4c6a5",
    "/assets/img/responsive-illustrations.png": "bfa7c4cf96aef7888ffa0b2a70c26af560beab6c",
    "/assets/img/silhouette_bart.png": "bfa0d65ebdd1bac0104f2eb8404d52da4f1b0e33",
    "/assets/img/silhouette_homer.png": "85f17442cf3a7522c3565cdb0d5c9acebc5aace3",
    "/assets/img/silhouette_lisa.png": "e5038a6cfbd275caa428af40656d70cb2a05b51b",
    "/assets/img/the-simpsons.png": "99039409b1e4e3b7522cb06ab701b5f94709569f",
    "/assets/js/README.md": "3bda384756735fdfb7acc0e261fd299ad172a0ba",
    "/assets/js/application.js": "83710e721a4fea18a99102145d3d5d69ed96f9e9",
    "/assets/js/bootstrap-affix.js": "cbba6629a84f006290b3efbace1f611cd35a0275",
    "/assets/js/bootstrap-alert.js": "cee7be2112968b63084287a7317c108153df4917",
    "/assets/js/bootstrap-button.js": "a9523ba32450ec67ec4a48700f139e384d737c9f",
    "/assets/js/bootstrap-carousel.js": "b8e52720b6c5c8258656c22aa3ad8669efaf48b7",
    "/assets/js/bootstrap-collapse.js": "54a985e176f2ea1de1821df1fe4a965dfeb9e43d",
    "/assets/js/bootstrap-dropdown.js": "d94f3ae05dd319e0094416461d6b5a91a7d450d0",
    "/assets/js/bootstrap-modal.js": "c7163333067dce6308ab8e9f9387e5cfa443b3e3",
    "/assets/js/bootstrap-popover.js": "df349b7ec8f9e283f840d980eddf61c290158bcb",
    "/assets/js/bootstrap-scrollspy.js": "6c74c3b1e0c89f8f98e7b384e2542ef562325f03",
    "/assets/js/bootstrap-tab.js": "dc24f65f1e2929725363188c0d2781c55bcabf16",
    "/assets/js/bootstrap-tooltip.js": "4d79b590ca50fe7e0c62a932edf4dd22954642b9",
    "/assets/js/bootstrap-transition.js": "01a02a6ef355d440dd48e0fcc3affc89d454271a",
    "/assets/js/bootstrap-typeahead.js": "4c64d3642b0169059101b18044bedbdcc57b1325",
    "/assets/js/bootstrap.js": "21df2c30ea6ddd4c86a90338d460f62e595a126d",
    "/assets/js/bootstrap.min.js": "7ba55598ae78409d6d8044dc25b0325afbfcbca9",
    "/assets/js/google-code-prettify/prettify.css": "daa3bd8f52d61e176064b897d13a372298d36c50",
    "/assets/js/google-code-prettify/prettify.js": "a4e5934397f97f79b8066984475c90af8a970a36",
    "/assets/js/holder/holder.js": "78f570ec5a87fb61365c95bc2b6941d6894cba78",
    "/assets/js/html5shiv.js": "2123253519c0bee8a5735958281a73296a66003b",
    "/assets/js/jquery.js": "ae49e56999d82802727455f0ba83b63acd90a22b",
    "/favicon.ico": "22f6a4a3bcaafafb0254e0f2fa4ceb89e505e8b2",
    "/index.html": "cd6116076e7abd99025bbd0733a5adf76a863592",
    "/main.6ea31d2d4d1acf4a.js": "d81d909a6d7fe22e36cfd417c7bf2825da5bc03d",
    "/manifest.webmanifest": "4b70c81cf0c8473452b88ad352cda54cbebd3c1f",
    "/polyfills.288965dd676b5a0b.js": "d679e8a0ae515ad2f2b86aea87f97472b9e43e37",
    "/runtime.10794efdd325dd35.js": "2165397a1fe4008bfd559a3e73860d8850e98de8",
    "/styles.698134ce9b91eefb.css": "ecfd40e15bef0d810868748a3ac0e3cede91acdd"
  },
  "navigationUrls": [
    {
      "positive": true,
      "regex": "^\\/.*$"
    },
    {
      "positive": false,
      "regex": "^\\/(?:.+\\/)?[^/]*\\.[^/]*$"
    },
    {
      "positive": false,
      "regex": "^\\/(?:.+\\/)?[^/]*__[^/]*$"
    },
    {
      "positive": false,
      "regex": "^\\/(?:.+\\/)?[^/]*__[^/]*\\/.*$"
    }
  ],
  "navigationRequestStrategy": "performance"
}